{
    "params": {
        "sweeps": 256,
        "seed": 72,
        "all_betas": [
            4.161118508655127e-05,
            7.614916169634741e-05,
            0.00013935423408382094,
            0.0002550205691630069,
            0.0004666918886519474,
            0.0008540539284668643,
            0.0015629329124116544,
            0.002860193258620847,
            0.005234201296610393,
            0.009578675542591964,
            0.01752913576511976,
            0.032078610378408756,
            0.058704391226028226,
            0.10743001359990728,
            0.19659871401509652,
            0.35977892078031964
        ],
        "replicas": 16
    }
}