{
    "params": {
        "sweeps": 256,
        "seed": 56,
        "all_betas": [
            3.601267646211466e-05,
            6.968876263050259e-05,
            0.0001348559483513978,
            0.0002609621138228511,
            0.0005049923691422012,
            0.000977219601558587,
            0.001891034811659533,
            0.0036593746719823786,
            0.0070813201890209815,
            0.013703187050882451,
            0.026517277900045558,
            0.051314050126971184,
            0.09929871951256307,
            0.19215469588614745,
            0.3718419263848245,
            0.719557841560639
        ],
        "replicas": 16
    }
}