{
    "params": {
        "sweeps": 256,
        "seed": 25,
        "all_betas": [
            2.5704297758585234e-05,
            5.3277651692466144e-05,
            0.00011042932184037897,
            0.00022888837504544916,
            0.00047442008479118994,
            0.0009833370384519878,
            0.002038176211736731,
            0.004224555882313917,
            0.00875629511326,
            0.018149293380516247,
            0.03761829015027513,
            0.07797194767645738,
            0.16161352895556155,
            0.3349785855016728,
            0.6943147239582633,
            1.4391156831212784
        ],
        "replicas": 16
    }
}