{
    "params": {
        "sweeps": 256,
        "seed": 42,
        "all_betas": [
            4.023173479240425e-05,
            7.728025678291799e-05,
            0.00014844594992610905,
            0.00028514656869431826,
            0.000547731788429499,
            0.0010521259765808126,
            0.002021005707501696,
            0.0038821055279217387,
            0.0074570513452683436,
            0.014324086340779512,
            0.027514823218737373,
            0.05285262031708544,
            0.10152343891781612,
            0.19501414665655922,
            0.3745983962085045,
            0.7195578415606393
        ],
        "replicas": 16
    }
}