{
    "params": {
        "beta_start": 3.4980311331766915e-11,
        "beta_stop": 0.11992630692677321,
        "restarts": 16,
        "sweeps": 1024,
        "seed": 34
    }
}