{
    "params": {
        "sweeps": 256,
        "seed": 38,
        "all_betas": [
            1.0119097732674486e-07,
            2.766101117176139e-07,
            7.561262468823725e-07,
            2.066905282942396e-06,
            5.649979042877716e-06,
            1.5444473168849632e-05,
            4.221816570523495e-05,
            0.00011540526478491949,
            0.0003154655091617572,
            0.0008623392325831848,
            0.0023572432816129354,
            0.006443631089431279,
            0.017613956921864748,
            0.04814854763398476,
            0.13161623192028724,
            0.35977892078031937
        ],
        "replicas": 16
    }
}