{
    "params": {
        "sweeps": 256,
        "seed": 85,
        "all_betas": [
            9.339063284481316e-08,
            2.566564274389484e-07,
            7.053439915669517e-07,
            1.9384285498088462e-06,
            5.3271953651530635e-06,
            1.4640214859251229e-05,
            4.02342839774719e-05,
            0.00011057198427364101,
            0.00030387427083469466,
            0.0008351082155385537,
            0.0022950469934302892,
            0.00630725528027121,
            0.017333618563970987,
            0.047636304409787604,
            0.1309142398309526,
            0.35977892078031987
        ],
        "replicas": 16
    }
}