{
    "params": {
        "sweeps": 256,
        "seed": 10,
        "all_betas": [
            1.4361213235294116e-07,
            2.906489586768822e-07,
            5.882289733874695e-07,
            1.1904853425507824e-06,
            2.4093599855624593e-06,
            4.876175566841899e-06,
            9.868632458887297e-06,
            1.9972600509066458e-05,
            4.042148420833365e-05,
            8.18068926408891e-05,
            0.0001655646202664225,
            0.0003350774317305345,
            0.000678145397697031,
            0.0013724624127700001,
            0.0027776537020870458,
            0.005621545637192488
        ],
        "replicas": 16
    }
}