{
    "params": {
        "sweeps": 256,
        "seed": 39,
        "all_betas": [
            5.355135446369818e-08,
            1.157469293797003e-07,
            2.501776434041688e-07,
            5.407387789437142e-07,
            1.1687632159087906e-06,
            2.526187334908427e-06,
            5.460149980926297e-06,
            1.1801673376408625e-05,
            2.5508364233578035e-05,
            5.513426995646028e-05,
            0.00011916827342579662,
            0.00025757260234877624,
            0.0005567223856946413,
            0.001203310491516667,
            0.0026008584820734646,
            0.005621545637192503
        ],
        "replicas": 16
    }
}