{
    "params": {
        "sweeps": 1024,
        "seed": 11,
        "all_betas": [
            3.4980311331766915e-11,
            1.511807131863093e-10,
            6.533849233858903e-10,
            2.823851330704307e-09,
            1.2204347012780621e-08,
            5.274572509850159e-08,
            2.2796070230166524e-07,
            9.852188342623562e-07,
            4.257997723225059e-06,
            1.8402555838839925e-05,
            7.95336407895307e-05,
            0.00034373486338715333,
            0.0014855808829430319,
            0.006420502529241787,
            0.027748642434288092,
            0.11992630692677314
        ],
        "replicas": 16
    }
}