{
    "params": {
        "sweeps": 256,
        "seed": 65,
        "all_betas": [
            3.260302556077204e-05,
            6.35104356110254e-05,
            0.00012371782563503557,
            0.0002410013446231808,
            0.00046946871085109865,
            0.0009145213310440308,
            0.0017814803108354767,
            0.0034703095380742587,
            0.0067601354990004005,
            0.01316869041895464,
            0.02565250465407239,
            0.04997087592552298,
            0.09734287058661908,
            0.18962314105051584,
            0.36938437715238825,
            0.7195578415606392
        ],
        "replicas": 16
    }
}