{
    "params": {
        "beta_start": 4.023173479240425e-05,
        "beta_stop": 0.7195578415606393,
        "restarts": 16,
        "sweeps": 256,
        "seed": 7
    }
}