{
    "params": {
        "sweeps": 256,
        "seed": 79,
        "all_betas": [
            1.3637236419494484e-07,
            3.65437961220194e-07,
            9.792666152642849e-07,
            2.6241474765489606e-06,
            7.031946020971869e-06,
            1.8843554062324252e-05,
            5.0495201277250716e-05,
            0.0001353123377679615,
            0.00036259740112135633,
            0.0009716547468525973,
            0.002603749900472131,
            0.006977286496226117,
            0.018697082558348573,
            0.05010270058177834,
            0.1342605509577989,
            0.35977892078031987
        ],
        "replicas": 16
    }
}