{
    "params": {
        "beta_start": 1.3637236419494484e-07,
        "beta_stop": 0.35977892078031964,
        "restarts": 16,
        "sweeps": 256,
        "seed": 46
    }
}