{
    "params": {
        "beta_start": 5.355135446369818e-08,
        "beta_stop": 0.0056215456371924944,
        "restarts": 16,
        "sweeps": 256,
        "seed": 70
    }
}