{
    "params": {
        "beta_start": 1.4361213235294116e-07,
        "beta_stop": 0.0056215456371924944,
        "restarts": 16,
        "sweeps": 256,
        "seed": 6
    }
}