{
    "params": {
        "beta_start": 9.339063284481316e-08,
        "beta_stop": 0.35977892078031964,
        "restarts": 16,
        "sweeps": 256,
        "seed": 58
    }
}