{
    "params": {
        "beta_start": 1.0119097732674486e-07,
        "beta_stop": 0.35977892078031964,
        "restarts": 16,
        "sweeps": 256,
        "seed": 41
    }
}